,trailing_eps,book_value_per_share_bvps,pe_ratio,pb_ratio,dividend_yield,beta,roe,roa,roe_trailling,roa_trailling,profit_before_tax,profit_after_tax_for_shareholders_of_the_parent_company,total_assets,owners_equity,charter_capital
GEG,1370.4474999999998,16028.0,10.3575,0.975,0.0,0.6475000000000001,3.8125,1.14,12.125,3.73,303.84250000000003,290.8475,-3.3725,11.13,1.65
VID,281.1425,16035.0,19.9875,0.3225,0.1,0.1475,0.2425,0.135,2.3275,0.9775,51.78,116.81,-4.282500000000001,-0.805,0.0
PNJ,6890.4925,36138.75,12.6825,2.395,0.02,0.9025,5.855,3.9775,19.98,13.74,41.9125,47.72749999999999,24.450000000000003,13.9025,0.74
CVT,1683.6475,27481.75,16.55,1.015,0.0,0.0349999999999999,1.5750000000000002,0.4899999999999999,6.2475000000000005,1.92,970.9175,0.4600000000000008,-2.7525,5.815,0.0
SAM,184.07,12422.75,40.8,0.5925,0.0,0.82,0.4925,0.3375,1.7325000000000002,1.04,72.0325,105.4525,4.25,1.295,0.0
KHG,142.2725,11709.75,44.7425,0.545,0.0,1.14,0.315,0.245,1.22,0.955,15.437500000000002,16.377499999999998,6.8725000000000005,1.19,0.0
FIT,169.40249999999995,17679.25,29.65,0.265,0.0,0.9225,0.17,0.1249999999999999,1.495,0.7275,-18.332500000000003,-41.6025,8.662500000000001,1.625,0.0
HHS,7306.577500000001,32191.25,4.525,0.495,0.0,1.2,8.4425,6.922499999999999,41.53,22.86,717.9175,738.095,241.82,186.52,16.302500000000002
LBM,2999.605,16669.25,11.642500000000002,2.0775,0.045,0.5275000000000001,5.3075,3.8575,17.7825,13.155,72.3675,74.88250000000001,20.545,7.085,50.0
CNG,2319.7125,18039.5,12.097500000000002,1.5575,0.055,0.865,2.7525000000000004,1.24,12.9875,5.947500000000001,-23.6575,-23.6025,16.6025,3.4225000000000003,0.0
SC5,2378.065,26949.75,7.16,0.6225,0.01,-0.065,2.5475,0.4,9.1175,1.4625,8.6775,15.4225,9.95,8.7875,0.0
ELC,1273.27,14068.5,18.7575,1.6774999999999998,0.0,1.075,2.2,1.3625,10.2525,5.63,136.0175,133.98749999999998,36.56,18.72,21.085
LSS,1406.3649999999998,21693.25,7.549999999999999,0.49,0.0375,0.9925,1.5725,0.8400000000000001,6.445,3.4025,19.2825,20.505,15.659999999999998,3.835,7.0
VRC,215.52,25448.0,64.49000000000001,0.5475,0.0,0.92,0.215,0.1575,1.1,0.62,196.155,512.29,1.07,0.8999999999999999,0.0
FRT,4227.379999999999,23368.75,38.2775,6.95,0.0,0.9175,6.13,1.0475,24.9175,3.4675,151.23250000000002,223.2025,41.5525,85.2925,12.5
PMG,496.8375,14715.25,16.7625,0.5599999999999999,0.0,0.1075,0.76,0.315,5.5,1.3525,6.310000000000001,-5.432499999999999,-10.91,4.1625,0.0
SAV,966.95,13954.25,30.735,1.1725,0.055,0.8125,0.6624999999999999,0.3299999999999999,6.369999999999999,3.395,19.91,45.0375,1.25,-1.18,7.3725
HHP,471.3125,12742.5,21.415,0.7575,0.0,0.6925,1.2125,0.4049999999999999,4.3175,1.3,144.35,183.6625,29.8,14.045,7.76
SSB,2363.7875,13954.3975,7.94,1.335,0.0,0.5475,3.6975,0.41,17.6675,1.9475,14.867499999999996,15.895,27.915,19.39,7.175000000000001
PGI,2139.7975,17114.09,9.88,2.115,0.0574999999999999,-0.1775,5.535,0.7124999999999999,12.6025,2.79,7.2225,8.635,9.4125,0.0,0.0
PET,2024.655,23550.0,13.715,1.1749999999999998,0.0,1.4149999999999998,2.5825,0.5525,9.72,1.98,51.235,51.215,22.4175,10.6475,0.0
HVN,3223.82,255.75,9.8025,-3.6175,0.0,1.07,-15.885,2.9675,497.4075,11.7775,24.065000000000005,25.935,17.2725,0.0,20.255
KLB,3688.2075,18718.0625,4.2425,0.84,0.0,1.3975,6.25,0.47,19.6975,1.4425,113.0025,113.27,8.98,20.630000000000003,29.69
TDP,1101.4975,12216.75,28.895,2.6075,0.0,0.0849999999999999,2.315,0.6,9.1875,2.3925,-0.2024999999999996,0.0649999999999999,9.1625,9.7475,5.390000000000001
PLP,294.1175,11593.5,17.652500000000003,0.4425,0.0,0.815,0.6499999999999999,0.2225,2.53,0.855,412.81750000000005,451.1775,20.865,9.815,7.1425
HTG,9136.945,29937.5,4.960000000000001,1.5074999999999998,0.0775,0.2575,7.565,2.5375,34.24249999999999,10.89,19.615,18.305,17.615,19.53,0.0
CRC,1058.6125,13403.25,8.69,0.6825000000000001,0.0,0.525,2.02,1.3425,8.31,5.109999999999999,34.0175,29.115,28.39,30.5925,35.5
TDM,2455.1725,23054.5,23.5725,2.44,0.025,0.265,2.0875,1.6725,10.775,8.6075,22.519999999999992,31.3025,11.2125,4.86,0.5
SCR,86.2675,12665.75,214.02,0.61,0.0,1.305,0.35,0.1475,0.7050000000000001,0.295,168.915,1493.4825,15.782500000000002,4.8500000000000005,6.6225000000000005
DHM,159.1575,10372.25,103.93,0.6375,0.0,0.8,0.8725,0.3175,1.52,0.545,478.9925,520.325,7.6775,0.735,10.0
EVE,218.395,22670.75,-9.4,0.48,0.0475,0.49,1.0450000000000002,0.78,0.98,0.7224999999999999,10.697500000000002,-2.0375,-2.0424999999999995,-1.3,0.0
TLD,382.8475,12075.5,25.695,0.6125,0.0,0.6500000000000001,1.765,1.1825,3.7225,2.3575,328.8825,272.035,27.45,15.4,1.0
SVD,404.47,9451.75,21.3575,0.4725,0.0,0.4225,0.205,0.1525,4.345000000000001,3.0775,-60.335,-60.31,-9.05,4.5225,0.0
BWE,3667.8525,26333.25,13.06,1.785,0.03,0.4399999999999999,4.307499999999999,1.64,15.015,5.545,62.825,60.005,19.11,9.8025,3.5
TRC,10081.2525,68224.75,7.3575,1.0675,0.0225,0.6225,3.2675,2.83,15.355,13.230000000000002,127.81999999999998,130.6775,11.5325,15.534999999999998,0.0
IJC,1244.6175,13685.75,10.5775,0.925,0.05,1.235,2.4650000000000003,1.66,8.8475,5.8975,65.6975,64.83,11.735,21.3675,21.695
YBM,1323.56,13381.25,11.035,0.9775,0.0175,-0.1075,3.325,0.9975,9.715,2.915,101.8,127.2225,7.92,8.205,6.25
TNT,115.135,12456.5,77.945,0.5425,0.0,1.145,0.5375,0.4299999999999999,1.015,0.69,74.7675,53.5225,-29.31000000000001,-4.7075,0.0
DBT,796.8699999999999,13977.25,15.4225,0.83,0.0,0.1325,1.3925,0.41,5.94,1.625,44.6675,210.0025,6.1575,7.632499999999999,19.14
PPC,724.4725,14092.75,15.41,0.775,0.0675,0.47,0.94,0.8,5.18,4.220000000000001,-41.9575,-47.4225,-10.02,-1.27,0.0
SJD,2225.855,14864.75,6.532500000000001,0.975,0.15,0.33,4.0,2.84,15.32,11.0475,-5.442500000000001,-3.3774999999999995,0.9549999999999998,2.73,0.0
ABR,744.2774999999999,13240.0,18.0625,1.0225,0.225,0.3325,1.4475,1.205,5.31,4.42,-16.81,-6.21,-10.675,-10.9925,0.0
SSC,2099.4475,27809.0,18.17,1.2125,0.06,0.1775,0.935,0.51,7.435,4.614999999999999,-36.745000000000005,-37.225,-0.94,-3.0925,0.0
CLW,3693.085,19625.5,12.33,2.29,0.0424999999999999,-0.2875,5.5825,2.5975,19.035000000000004,8.735,83.495,85.46000000000001,-3.3550000000000004,4.225,0.0
TDG,241.3875,10592.5,14.1325,0.3225,0.0,0.9675,0.53,0.145,2.19,0.6325,71.60249999999999,63.46,22.53,6.5425,19.7925
ACB,3634.95,18167.5375,6.6875,1.3275,0.0425,0.855,4.425,0.42,19.47,1.88,-6.2425,-6.182500000000001,21.16,15.55,15.0
TMS,1860.1725,31187.75,22.8325,1.3375,0.01,0.21,1.7625,1.1,7.56,3.735,97.8075,101.2525,6.4875,7.7675,3.5
KOS,95.75,10764.0,412.105,3.6025,0.0,0.0075,0.1975,0.095,0.8925000000000001,0.43,6.577500000000001,-30.015,1.3775000000000002,0.32,0.0
MSH,7083.3325,22617.0,5.900000000000001,1.7875,0.0925,0.9425,7.314999999999999,3.5425000000000004,30.4175,12.8425,60.72,57.7925,12.6175,11.8925,37.5
CHP,3096.1775,13739.25,10.6375,2.385,0.075,0.1925,5.7325,4.38,23.045,17.112499999999997,117.89499999999998,117.8225,-3.8025,4.28,1.8275
HPA,1873.5175,10134.75,2.785,0.5875,0.0,0.0,10.7425,7.26,0.0,0.0,6.115,6.735,0.0,0.0,0.0
ADP,3406.1425,12190.25,8.1,2.2625,0.1175,0.225,6.780000000000001,5.3325,28.0075,21.58,-8.45,-8.5425,-6.5525,0.1799999999999999,0.0
TCX,2122.0225,16456.8125,4.7775,0.615,0.0,0.0,4.24,2.0975,15.25,7.5375,55.945,55.42,40.0025,41.715,658.475
DAH,-163.51749999999998,10699.25,49.945,0.3399999999999999,0.0,0.85,-1.9775,-1.69,-1.535,-1.3175,0.0,0.0,-4.635,-2.3625,0.0
AAN,513.0675,10529.5,0.0,0.0,0.0,0.0,2.04,0.76,0.0,0.0,45.6675,51.27,6.29,28.1625,21.4275
PTC,1082.2625,12599.25,6.73,0.5125,0.0,1.0625,3.075,3.0,8.8675,8.49,192.2075,181.6475,1.47,9.3275,0.0
ACL,439.1775,16509.0,33.712500000000006,0.7575,0.0,0.7,1.1475,0.55,2.6875,1.2675,226.7325,261.49749999999995,0.9775000000000004,2.755,0.0
TRA,5809.535000000001,38433.0,12.3825,1.87,0.0625,0.2975,3.9525,2.7625,16.6375,11.025,13.137499999999998,11.747500000000002,10.8675,3.4875,0.0
MSB,2150.4925000000003,14736.6125,5.8125,0.8425,0.0,1.1975,3.5575,0.41,14.295,1.6575,5.9375,5.5600000000000005,18.4975,16.03,27.5
VPG,-1254.9050000000002,16117.0,1.265,0.5125,0.0,1.5275,-11.7275,-3.49,-8.3925,-2.1325,485.995,504.9975,-19.095,-6.097499999999999,2.5
BKG,167.6575,10594.75,17.7975,0.2775,0.0,0.895,0.3375,0.315,1.6050000000000002,1.4449999999999998,-30.245,-33.3675,-8.915000000000001,-10.825,1.25
CIG,2415.36,7005.25,3.6675,1.26,0.0,0.7125,9.7575,1.9,52.9625,7.855,469.005,465.9875,106.14,112.8175,61.83
SBG,980.3275,11994.5,14.575,1.1,0.0,0.4025,1.605,0.7025,7.467499999999999,3.245,49.2725,48.44499999999999,15.7475,28.81,75.0
PTL,-191.1275,4990.75,-7.555000000000001,0.5900000000000001,0.0,1.1725,0.7175,0.2625,-4.3375,-1.735,1.11,-14.9175,41.55,0.1574999999999998,0.0
DGW,2401.7625,14795.5,16.862499999999997,2.7375000000000003,0.0125,1.5175,4.27,1.5475,16.497500000000002,5.987500000000001,22.0225,23.6675,19.21,14.2275,16.0375
CMG,1910.55,18619.0,20.1575,2.0725,0.0,1.2400000000000002,2.57,1.13,12.85,4.615,21.515,16.4475,21.505000000000003,11.3025,10.91
TSC,-16.545,12632.75,635.96,0.2375,0.0,0.95,-0.2025,-0.1425,-0.165,-0.0975,67.3225,-5.82,17.255,0.3725,0.0
SIP,6217.11,24559.25,10.5575,2.6675,0.025,1.28,6.37,1.2625,28.64,5.005,23.2575,19.8075,17.41,21.61,15.4
SHA,457.385,12896.75,9.0225,0.3175,0.0,0.3375,0.94,0.3725,3.555,1.415,33.68,25.8525,4.470000000000001,3.4450000000000003,1.25
HPX,247.665,11977.0,20.7275,0.3899999999999999,0.0,1.17,0.8425,0.3725,2.185,0.935,67.60499999999999,355.7025,0.0074999999999998,0.525,0.0
SSI,1834.815,14801.18,16.2375,2.0125,0.035,1.445,3.515,1.135,12.39,4.1175,47.735,50.365,34.455,19.9075,20.4675
HRC,2132.115,20292.25,17.025000000000002,1.6475,0.0,0.5725,1.475,1.09,10.8225,7.86,286.175,249.385,2.255,9.0525,0.0
BIC,4529.639999999999,24328.3025,6.87,2.8325,0.05,0.525,10.0425,1.46,18.275,6.0725,14.572499999999998,14.8175,14.3075,36.15,36.15
SPM,1253.0849999999998,58680.25,9.7075,0.1875,0.0424999999999999,0.4325,0.285,0.2324999999999999,2.135,1.745,113.625,116.58,-3.39,0.185,0.0
PIT,-53.0825,7811.0,272.4725,0.8725,0.0,0.6699999999999999,-0.4750000000000001,-0.1674999999999999,-0.68,-0.2175,20.4375,35.93,9.945,-0.6875,0.0
SMC,-3860.6350000000007,10945.0,-0.1400000000000001,1.0575,0.0,0.6699999999999999,5.7725,1.195,-38.42,-5.9275,-24.93,-24.7425,-9.3075,11.827500000000002,0.0
CKG,998.565,14478.75,13.962500000000002,0.9675,0.0,0.96,1.24,0.445,6.6,2.0875,-21.0425,-28.525,5.1225000000000005,31.3425,52.395
MHC,1964.86,14183.75,-3.2775000000000003,0.7075,0.0,0.7525,6.8,4.8225,14.2075,9.515,29.425,38.1525,9.8225,12.6675,3.75
TYA,4854.9725,78984.0,3.855,0.3324999999999999,0.045,0.3325,5.025,1.98,17.77,7.2475,51.355,51.46,34.379999999999995,15.1525,0.0
DSN,6247.36,27146.0,7.46,1.7325,0.075,0.245,5.654999999999999,4.880000000000001,23.735,20.24,-16.54,-16.4975,2.83,4.925,0.0
ICT,1037.1125,20124.5,15.0925,0.775,0.0675,0.4225,1.2325,0.5575,5.1375,2.255,25.672500000000003,23.3875,-7.084999999999999,0.115,0.0
BMC,1386.765,18397.5,13.437499999999998,0.99,0.0525,0.5725,1.2699999999999998,1.1525,7.455,6.8325,-55.7975,-55.7325,-2.1875,-1.02,0.0
TAL,2273.005,15926.0,17.2575,2.415,0.0425,0.625,3.0025000000000004,1.235,17.9525,6.472499999999999,68.0975,50.435,32.8825,28.85,13.105
STB,5396.075,31860.43,10.345,1.565,0.0,1.055,2.575,0.1975,34.0175,1.3225,26.8425,25.4825,16.265,18.4625,0.0
HTN,427.905,17663.0,26.2575,0.5549999999999999,0.0,1.5799999999999998,0.2949999999999999,0.0675,2.49,0.52,143.7225,350.3075,-2.05,2.805,0.0
DMC,5606.085,46883.0,11.1725,1.3375,0.04,0.2349999999999999,3.0375,2.655,12.1525,10.51,-5.045,-5.07,-0.6025,4.82,0.0
TMT,-3023.625,4458.75,-0.5725000000000002,2.7925000000000004,0.0,0.6299999999999999,11.03,0.95,-58.282500000000006,-7.335000000000001,507.425,3039.9475,9.3575,-26.3775,0.0
KBC,2013.35,29388.0,16.21,1.1075000000000002,0.0,1.3625,2.2675,0.91,7.6775,2.8825000000000003,130.835,224.925,55.6625,22.0775,17.017500000000002
PDV,2258.5725,14682.75,8.165000000000001,0.8825,0.055,0.75,2.225,1.0225,13.88,6.7325,791.0550000000001,771.22,37.53,30.7675,31.7
CTF,375.9175,11664.25,70.4275,1.74,0.0075,0.255,0.28,0.08,3.3950000000000005,0.8724999999999999,-8.814999999999998,-68.385,10.8425,2.3725,5.25
DRH,-1202.1225000000002,10290.0,3.2425,0.2324999999999999,0.0,1.29,0.2950000000000001,0.0675,-11.3275,-3.7525,0.0,0.0,4.205,-10.802499999999998,0.0
VCG,3873.42,18812.0,10.995,1.2525,0.0275,1.1075,8.4825,3.3875,26.005,8.02,444.3925,1015.49,2.16,8.395,7.0
QNP,3162.095,22194.5,10.145,1.435,0.0424999999999999,0.06,4.005,2.58,14.46,9.31,13.9625,15.9525,2.4375,3.375,0.0
HTI,5473.3725,23287.25,3.8125,0.885,0.0875,0.2975,7.535,2.6825,25.0775,8.77,146.61,168.72750000000002,8.9875,18.4075,0.0
LIX,3224.9125,15156.0,10.177499999999998,2.155,0.055,0.4824999999999999,5.145,3.5025,21.250000000000004,14.52,-1.2274999999999996,-0.4675000000000002,8.5575,9.225,50.0
TDW,6550.2325,28972.0,8.082500000000001,1.8275,0.0549999999999999,0.1675,6.180000000000001,2.4075,23.14,9.6475,3.74,3.702499999999999,31.41,5.08,0.0
TVB,567.2,10366.9625,21.34,0.815,0.0,1.4175,0.4425,0.435,5.52,5.3100000000000005,-13.0425,-5.9775,0.1,3.4025,0.0
DHG,6709.21,31223.25,15.0575,3.24,0.105,0.4875,5.505,3.9925,21.1825,15.224999999999998,15.5975,16.5025,-10.415,-8.0525,0.0
BID,4065.3325,23508.3575,9.4775,1.64,0.0025,1.0475,4.6,0.25,17.725,0.9225,18.825,19.4475,20.305,20.785,17.8275
DCM,3192.83,19895.0,10.85,1.7175,0.0574999999999999,1.23,4.625,2.82,16.43,10.095,73.6175,67.715,8.74,5.125,0.0
IDI,361.2425,13050.25,21.3525,0.5675000000000001,0.0,1.515,0.9025,0.3475,2.925,1.0699999999999998,63.150000000000006,115.9625,8.6875,3.2,10.0
VHC,6223.5025000000005,43528.5,9.485,1.3475,0.0425,1.1324999999999998,3.4875,2.5925,15.4625,10.95,15.529999999999998,14.9675,7.015000000000001,11.614999999999998,5.0
CSV,2191.9725,14375.75,15.28,2.33,0.06,1.385,3.305,2.6225,15.1925,11.935000000000002,-10.1725,-12.3,12.75,3.99,75.0
EVF,1078.23,12587.18,10.405,0.8875,0.0,1.1800000000000002,2.3725,0.3324999999999999,9.0625,1.27,60.2475,62.425,35.9,8.9475,6.0
NAB,2894.64,14209.305,5.3875,1.0975,0.0,0.425,4.915000000000001,0.3325,19.625,1.39,15.9075,16.2975,46.8475,24.605,28.5475
SAB,3306.13,18709.25,14.3925,2.5475,0.1,0.8675,4.59,3.4275,18.3425,13.0425,0.0124999999999997,1.9675,-2.4375,-6.1575,0.0
TN1,2983.45,18256.0,4.4,0.6775,0.0425,0.5575,6.5175,3.6975,16.575000000000003,8.9825,381.445,806.0475,-7.375,13.155,10.0
BTP,630.51,17719.5,17.79,0.6225,0.0175,0.395,0.9625,0.8175,3.585,3.0225,4.66,2.4575,-3.325,2.295,0.0
AAT,219.1525,10556.25,27.22,0.315,0.0,0.9775,1.1475,0.6125,2.17,1.13,154.70499999999998,185.3025,24.085,4.125,0.0
SGT,3050.6400000000003,16549.0,5.855,1.0725,0.0,0.435,4.125,1.16,22.4675,5.680000000000001,909.3075,1379.5825,2.7875,21.94,0.0
MCH,8683.8925,18128.5,18.9275,8.6975,0.1425,1.0675,10.2325,5.32,45.2125,21.57,-13.685,-14.8425,-14.232500000000002,-3.3825000000000003,45.495000000000005
TNH,-436.1475,11977.5,-1609.7674999999997,1.2325,0.0,1.0475,-1.325,-0.885,-3.4975,-2.27,0.0,0.0,16.1525,3.012500000000001,26.855
BCE,2182.31,11585.75,5.115,0.92,0.0075,0.18,5.9125,1.3624999999999998,20.15,9.06,11.84,6.0775,100.60750000000002,20.565,0.0
VCA,-209.1625,12423.75,-483.76,0.77,0.0,0.4575,-2.0,-1.92,-1.6875,-1.245,28.5625,25.2175,-23.2,-1.8025,0.0
ABT,12096.205,52072.5,4.815,1.1149999999999998,0.0525,0.32,6.522500000000001,4.87,24.755,18.2575,72.86,70.37249999999999,15.54,18.3275,0.0
CTD,6138.25,88942.75,13.9225,0.95,0.0,0.66,2.7575,0.825,6.9925,2.1775,190.28,191.7325,29.9,6.4525,0.0
PVD,1526.955,30257.5,15.2525,0.76,0.01,1.2175,1.5375,1.01,5.255,3.465,46.525,48.2675,11.4575,7.5325,0.0
ASP,652.165,8584.75,8.035,0.5800000000000001,0.0,0.5975,1.87,0.4175,8.030000000000001,1.6174999999999995,3.265,-6.9825,-14.9775,6.2825,0.0
TCH,827.6999999999999,20512.75,27.3275,0.9775,0.0,1.635,0.3525,0.2475,5.61,3.4725,-79.1175,-79.76500000000001,20.815,5.909999999999999,24.125
DHA,6044.0875,31337.5,8.2225,1.5775,0.0675,0.7775,6.0725,5.5375000000000005,20.1125,18.34,99.905,126.1125,10.01,10.5125,0.0
PC1,1681.5324999999998,22203.75,15.9675,1.0425,0.0,1.1075000000000002,3.435,1.125,10.265,2.6475,132.175,245.275,9.67,9.3325,15.0
L10,3173.195,29567.75,7.369999999999999,0.775,0.06,0.4375,3.3275,0.7875000000000001,10.9425,2.5075000000000003,131.2475,121.8675,-5.4625,5.2275,0.0
HAS,-550.625,16274.75,-17.055,0.4975,0.0025,0.45,-0.5549999999999999,-0.4125,-3.3275,-2.5725000000000007,0.0,0.0,-10.037499999999998,-4.1025,0.0
PTB,6651.355,47634.0,7.915000000000001,1.09,0.0475,0.87,4.0025,2.2025,15.0625,8.0175,37.08,38.0575,11.6075,9.7525,0.0
VCK,4586.58,21891.8925,5.19,0.645,0.0,0.0,6.2675,2.4375,24.597500000000004,9.2225,42.8975,43.18,33.0125,60.7725,41.745
DVP,7965.045,34364.0,9.4325,2.185,0.1025,0.3525,6.15,5.632499999999999,22.880000000000003,20.6775,9.875,12.632499999999997,-6.6975,-2.74,0.0
JVC,560.2,5192.5,11.2975,1.2,0.0,0.8975000000000001,2.205,1.3975000000000002,11.3425,7.45,45.49250000000001,44.32000000000001,27.9075,11.445,0.0
NKG,762.805,16961.25,23.0175,0.8925000000000001,0.0,1.5,0.6799999999999999,0.3274999999999999,3.805,1.7725,-35.995000000000005,-34.5875,19.6775,31.575,62.9175
AAA,802.0400000000001,15490.75,10.1675,0.515,0.03,1.1425,1.51,0.7325,5.7700000000000005,2.44,-2.2775000000000003,96.855,-2.0825000000000005,-1.9075,1.5
HAR,166.3325,11381.75,23.515,0.3425,0.0,1.04,0.395,0.395,1.4700000000000002,1.4625,81.2,70.185,1.395,1.4725,0.0
BMP,14207.8675,36073.0,10.135,4.0225,0.085,0.84,10.485,8.515,40.295,33.1175,25.775,25.75,9.185,5.7225,0.0
TCI,564.7149999999999,11535.915,24.2675,0.8200000000000001,0.0,0.6350000000000001,0.5250000000000001,0.2625,5.1025,2.565,86.3875,72.015,56.4975,6.2325,3.625
BSR,535.84,16722.0,-347.265,1.1925,0.0275,1.005,2.24,1.5499999999999998,3.0825,2.1325000000000003,-11.5325,-13.74,-2.3675,2.025,15.375
CLC,6085.9025,34761.5,8.684999999999999,1.5175,0.065,0.0475,5.0275,2.35,17.782500000000002,8.1625,24.192500000000003,27.2175,2.345,3.8325,0.0
VPL,265.23749999999995,20059.25,686.2975,3.452500000000001,0.0,0.2975,0.7875,0.3325,0.785,0.34,-23.35,-23.9925,0.0,0.0,0.0
PVT,2807.8225,27115.75,7.057500000000001,0.735,0.0075,0.9875,2.38,1.2525,13.2475,5.23,-7.217499999999999,-1.4949999999999992,13.71,12.475,26.5
ASG,624.6325,23059.25,30.065,0.7449999999999999,0.0,0.0775,0.955,0.59,4.2275,1.6949999999999998,124.7775,184.5325,6.282500000000001,3.67,0.0
KHP,712.8375,11550.0,21.0175,1.0375,0.03,0.61,1.8125000000000004,0.4775,6.135,1.9,24.4925,31.067500000000003,-0.9975,-0.8875,0.0
DIG,503.7125,12707.75,56.62500000000001,1.525,0.0,1.5799999999999998,1.8525,0.8525,3.8925,1.665,68.645,800.9749999999999,4.13,8.08,10.6475
TBC,3024.1675000000005,22613.5,12.5175,1.6675,0.045,-0.03,3.3725,2.9675,17.5925,12.225,37.3275,64.125,8.205,6.7075,0.0
SGR,2240.8875000000003,19650.5,12.3075,1.4275000000000002,0.0,1.0725,1.945,0.965,12.895,5.9350000000000005,25.3825,15.232500000000003,18.5275,41.7175,12.345
DRC,1228.9625,14191.25,16.1775,1.39,0.05,0.92,1.5924999999999998,0.7175,7.8825,3.63,-47.135,-46.285,11.035,0.3825,15.0
SJS,2330.875,18929.0,35.9,4.94,0.0,0.455,2.385,0.9375,10.055,3.865,9.5825,15.44,2.3475,9.1875,39.75
VCF,19125.347500000003,71107.25,15.48,4.4625,0.1225,-0.0025,6.6675,5.1525,25.7475,19.99,19.425,19.475,-4.0600000000000005,-6.217499999999999,0.0
ASM,191.8475,21539.25,57.015,0.355,0.0,1.5025000000000002,0.1375,0.05,1.2925,0.315,16.302500000000002,-58.035,8.58,1.775,7.5
VIC,2616.5775,35845.25,42.6,4.15,0.0,1.0675,2.2075000000000005,0.3625,8.379999999999999,1.335,69.08,33.585,30.8125,-1.3175,24.86
SBV,-881.7974999999999,15967.75,5.0625,0.5325,0.015,0.045,0.2875,0.1149999999999999,-5.3500000000000005,-2.8225,0.0,0.0,4.25,-7.93,1.2475
HUB,2351.04,22944.0,7.01,0.7125000000000001,0.0075,0.61,2.78,1.8225,10.81,6.415,10.5125,12.0425,1.215,9.02,7.5
VCI,1669.48,18390.075,23.137500000000003,2.1,0.015,1.365,2.5050000000000003,1.24,8.9175,4.36,57.06,53.24,24.285,45.0,42.7025
OGC,424.7975,5977.75,10.2875,0.705,0.0,1.045,1.245,0.485,19.192500000000003,2.8,7.72,15.675,-3.1975,12.2925,0.0
C47,950.9875,13023.25,10.985,0.6625000000000001,0.0,0.615,2.8075,0.74,7.892499999999999,1.8675,675.7924999999999,727.0074999999999,-13.315,7.9025,0.0
NTC,15035.365000000002,52457.75,12.107500000000002,3.4325,0.045,1.1425,7.2425,1.4025,30.065,5.7025,29.129999999999995,25.93,26.585,14.247500000000002,0.0
KSB,1062.025,23860.5,18.2325,0.7575000000000001,0.0,1.455,1.445,0.78,4.5175,2.44,155.1025,215.74,5.495000000000001,3.78,0.0
VSI,2348.345,15272.75,8.555,1.315,0.085,0.4775,4.4425,1.7400000000000002,16.07,6.1575,56.377500000000005,58.7225,6.5225,4.165,0.0
VJC,3410.3825,40067.0,37.935,3.2525000000000004,0.0,0.7424999999999999,2.5475000000000003,0.4875,9.4775,1.78,109.7,518.1625,25.1275,36.5025,6.9225
VPI,1228.495,16619.25,45.955,3.3925,0.0,0.275,1.875,0.75,7.854999999999999,3.0075000000000003,45.7,3.5599999999999987,18.3975,23.5125,18.6775
LGC,2649.4725,30324.75,23.3475,2.035,0.0125,0.08,2.1575,0.5375,12.645,2.1675,-0.8225000000000007,8.740000000000002,2.455,8.2025,2.4975
HT1,465.9775,13047.25,35.379999999999995,1.0975,0.005,1.11,1.375,0.8550000000000001,3.6125,2.2,193.2725,181.08,-3.605,2.7350000000000003,0.0
C32,1240.1075,36857.25,26.1125,0.4675,0.0,0.3399999999999999,1.7475,1.21,3.405,2.35,179.525,178.035,-3.1475,2.65,24.9975
FTS,1486.35,12923.51,26.455,3.0225000000000004,0.0125,1.8275,2.325,0.8525,10.9825,4.3125,-21.8125,-30.46,38.8425,9.58,20.59
VDP,3112.2325,33891.5,14.47,1.3125,0.055,0.195,2.1325000000000003,1.4825,9.1075,6.265,-7.915,-10.7525,-4.125,2.0025,10.0
VPX,1363.3225,13871.495,3.915,0.4125,0.0,0.0,4.3575,1.6825,11.38,5.305,244.815,244.0375,124.9175,31.92,6.25
TLG,5210.0625,28064.0,10.1775,1.89,0.0525,0.8425,4.59,3.1575,18.0075,12.5925,10.94,13.02,13.015,7.2575,10.825
TEG,101.6875,12569.0,73.625,0.5275000000000001,0.0,0.25,0.3475,0.2875,0.925,0.685,97.7175,112.5025,11.5525,3.975,0.0
DXV,-213.0725,9824.25,-1.549999999999999,0.3974999999999999,0.0,0.3725,0.2075,0.1625,-2.1575,-1.695,0.0,0.0,1.6525,-2.0650000000000004,0.0
TCM,2781.28,22195.25,11.165,1.4,0.0175,0.6625,2.8775,1.655,12.53,7.19,-2.6675,-1.6100000000000012,12.955,9.255,9.99
BSI,1862.265,22771.6425,25.2475,2.01,0.0,1.5575,2.335,0.84,8.129999999999999,3.225,35.6,40.045,48.3725,7.8175,10.0
PGC,1755.7575,14391.0,8.0475,0.9825,0.08,0.3475,3.2175,0.8575,12.3675,3.3775,5.217500000000001,7.860000000000001,15.44,0.0249999999999999,0.0
ITC,524.8000000000001,27480.75,27.2175,0.5025,0.0,1.38,0.55,0.3425,2.3025,1.225,80.6675,69.3325,2.91,13.585,0.0
TCB,3317.395,23837.32,10.22,1.405,0.0275,1.2175,3.845,0.5975,14.7375,2.215,25.735,26.5975,17.4,18.52,25.355
VND,1157.69,13333.985,16.085,1.3925,0.035,1.4549999999999998,2.5125,0.9975,8.752500000000001,3.58,25.41,22.21,18.3275,10.6525,12.5
D2D,8007.837500000001,23982.5,6.137499999999999,1.545,0.355,0.6075,8.255,3.8375,32.03,15.779999999999998,365.7,325.6075,-3.9325,-17.4775,0.0
AAM,-2.055000000000007,18978.5,-43.9075,0.3624999999999999,0.0,0.3325,0.2324999999999999,0.2225,-0.0125,-0.0024999999999999,0.0,0.0,-2.3600000000000003,-0.0075,0.0
ITD,2653.2075000000004,17068.5,5.6825,0.7975000000000001,0.0,1.0325,3.8225,2.99,21.765,10.8325,235.6575,15118.83,-5.0725,20.235,5.235
CTI,2658.0025,29064.5,8.8375,0.8025,0.0,0.84,2.5675,0.94,10.645,3.24,57.267500000000005,61.825,2.5575,18.745,0.0
NHT,1174.88,15520.25,10.225,0.69,0.0725,0.2024999999999999,3.065,2.18,10.05,5.154999999999999,460.27,95.3375,-8.024999999999999,-0.2599999999999998,0.0
TPB,2594.7225,15286.2325,6.15,1.0425,0.0525,1.315,4.5925,0.425,17.2775,1.6025,19.975,20.35,16.525000000000002,13.8525,16.25
LPB,3703.8425,14831.745,10.595,2.6475,0.0475,0.725,6.5,0.535,24.1625,2.0575,16.6275,16.85,18.8675,11.9725,16.8
TCD,227.14,12220.5,27.7325,0.49,0.0,1.7925,0.465,0.195,1.7975,0.7250000000000001,-9.2275,119856.285,-1.65,1.9325,15.31
SHI,465.4275,12953.25,34.465,1.1375,0.0,0.155,0.595,0.135,4.1575,0.8375,16.915,685.025,10.3275,4.78,2.495
PJT,648.55,13100.25,16.2975,0.7675000000000001,0.03,0.165,1.7075,1.235,4.9425,3.555,-1.432500000000001,-0.5350000000000001,3.6225,4.16,3.995
VFG,9818.7875,39607.75,6.335000000000001,1.555,0.0775,0.365,5.1325,3.37,26.995,16.67,-16.81,-16.775000000000002,3.7825,17.4225,0.0
VRE,2190.6425,19983.5,12.4825,1.3625,0.0,1.2475,3.5725,2.73,11.45,8.7475,56.65,56.5825,12.902500000000002,12.3525,0.0
VNG,-174.4975,11129.25,90.995,0.7000000000000001,0.0,-0.0975,0.2174999999999999,0.0574999999999999,-1.5800000000000003,-0.405,-3.055,-0.22,2.0125,-1.6,0.0
TV2,962.6525,19305.5,37.475,1.82,0.03,1.06,1.56,0.895,5.0125,3.0575,23.035,20.640000000000004,1.0200000000000014,0.0749999999999999,0.0
VPS,842.4975,13817.25,11.915,0.71,0.0699999999999999,0.4549999999999999,1.71,1.1225,6.2775,4.015000000000001,109.945,193.0225,-1.8000000000000005,1.5325000000000002,0.0
MWG,3755.2225,21137.5,19.4325,3.4225,0.0075,1.2825,5.745,2.255,18.8675,7.370000000000001,84.78,94.4525,19.2325,15.4725,0.7024999999999999
NNC,4748.375,21814.5,9.5275,2.0725,0.0175,0.215,7.305,5.9725,23.205,19.380000000000003,131.185,132.03750000000002,26.0625,19.26,0.0
NHH,1318.4875,17736.0,9.535,0.6725,0.01,0.7300000000000001,2.06,1.4174999999999998,6.970000000000001,4.7875,172.0,96.86749999999998,8.9625,16.2475,27.5
TMP,5007.5275,23685.5,12.605,2.665,0.0375,0.215,4.8,3.8075,22.4975,17.265,0.9874999999999988,-0.5274999999999999,8.625,13.22,0.0
CSM,694.2175000000001,13258.25,19.9975,1.025,0.0275,0.7825,0.995,0.4,5.2675,1.98,2.2325,4.6325,-7.399999999999999,1.985,0.0
DAT,910.015,13449.0,10.1275,0.6825,0.0,0.4375,1.915,1.1749999999999998,6.8775,4.0375,27.1175,24.59,-7.979999999999999,7.2375,5.0
TIX,3963.975,28041.75,10.875,1.54,0.0675,0.06,3.9,2.6975,14.215,9.8625,39.2925,36.0275,2.285,1.7325,0.0
VPB,2462.2525,20267.9325,9.805,1.1925,0.03,1.1575000000000002,3.7925,0.54,13.3425,1.91,50.385000000000005,49.7025,30.567499999999995,12.6475,0.0
STG,2529.3525,26172.25,15.345,1.4525,0.0,0.15,2.8875,2.1825,10.5675,7.677499999999999,43.93,56.595,14.63,9.5875,0.0
SBA,2354.9700000000003,16493.25,12.7125,1.7875,0.055,0.09,4.2825,3.8275,14.579999999999998,12.9175,64.22999999999999,49.1125,-0.5475000000000001,3.6025,0.0
ANV,2526.2025000000003,12449.25,10.4675,1.835,0.0275,1.335,7.7,4.7825,19.3625,11.8525,1230.78,1887.8875,7.755,16.345,74.7675
ADG,732.0875,18243.75,13.52,0.5125,0.0,0.3725,1.295,0.9625,4.725,3.1825,-2.9250000000000007,-4.667499999999999,11.88,7.647499999999999,0.0
VSH,3534.3775,20892.0,13.9375,2.3200000000000003,0.0475,0.0825,4.41,2.5525,17.25,9.7725,3482.71,3842.0175,-5.234999999999999,5.72,0.0
NAF,2028.92,15455.0,12.5625,1.94,0.0,0.4449999999999999,3.705,1.4899999999999998,13.49,5.744999999999999,19.115,20.790000000000003,13.9575,-4.0,2.03
SMA,724.4300000000001,11725.75,13.6925,0.815,0.0425,0.2275,1.355,0.7949999999999999,6.225,3.4875,13.1325,-9.715,-4.6825,3.6,0.0
FDC,1901.8875,13474.75,21.5625,1.2825,0.0,-0.0875,9.65,5.58,14.6125,8.0775,2003.1325,1964.625,19.0275,16.3475,0.0
TSA,753.45,10938.25,17.055,1.17,0.03,0.175,1.605,1.0775,6.6850000000000005,4.4275,41.9675,42.4925,4.2875000000000005,12.53,14.125
ADS,1053.93,12853.5,8.629999999999999,0.665,0.105,1.2325,2.5375,0.9575,8.8,3.0975,151.75750000000002,156.89499999999998,1.5675,2.35,1.0225
SCS,7137.05,15458.75,8.3125,4.0525,0.085,0.685,12.2825,9.6775,48.4675,39.0,20.5025,8.837499999999999,15.89,6.865,0.0
S4A,2672.4625,13694.5,13.5,2.5525,0.06,-0.1025,6.2825,3.6425,19.8725,11.315,48.355,47.0725,-0.6725,4.5375,0.0
VCB,5272.465,26000.8525,11.5,2.32,0.0025,0.645,4.13,0.3924999999999999,16.900000000000002,1.6224999999999998,4.2925,4.0425,18.87,16.78,49.5
QCG,420.78,16835.5,33.165,0.7849999999999999,0.0,0.8525,0.935,0.4925,2.7475,1.2825,349.5425,172.98000000000002,-3.5375,3.3025,0.0
VHM,7753.19,57021.75,11.6025,1.5399999999999998,0.0,1.0425,4.3525,1.4375,15.5475,5.32,50.88,64.7075,35.1575,11.6525,-4.2525
CTR,5044.9975,17977.5,18.75,5.2575,0.03,1.205,7.359999999999999,1.9325,29.5775,7.735,9.9,10.3875,15.695,12.735,0.0
TDC,3907.1275,12542.5,3.2575000000000003,0.9475,0.0,0.7224999999999999,4.49,1.525,33.8,9.6425,-5.345000000000001,-8.577499999999999,19.6375,65.08749999999999,20.4225
HCD,700.45,13463.25,11.155,0.5725,0.0,0.74,1.1975,0.7224999999999999,5.299999999999999,3.1275,-27.2025,-27.40750000000001,1.5275,4.7875,0.0
KMR,101.3475,11402.25,31.8025,0.2725,0.0,0.4125,0.225,0.1775,0.8925,0.6799999999999999,2.77,-4.035,-4.3,0.6924999999999999,0.0
DXS,528.3025,14894.5,18.8875,0.6224999999999999,0.0,1.4325,1.0925,0.59,4.9775,1.9375,84.5975,156.5875,5.8225,4.615,0.0
AST,4695.7675,15656.0,14.45,4.32,0.0475,0.4425,8.9725,6.4,36.8525,22.765,49.1825,69.3175,21.295,12.81,0.0
HU1,409.2925,14835.25,17.335,0.445,0.0225,0.9025,0.6224999999999999,0.12,2.955,0.565,444.3775,548.96,4.8775,1.1075,0.0
ACC,501.5575,13012.0,28.14,1.085,0.0,0.2675,0.9575,0.4425,3.94,1.8525,-6.092500000000001,-4.119999999999999,16.97,3.9825,0.0
HVH,785.4399999999999,13388.75,17.195,0.99,0.0175,0.6124999999999999,1.8275,1.295,6.365,4.3175,50.755,53.895,21.8925,6.815,5.25
GEE,8115.7575,22335.0,16.1425,6.0525,0.03,0.7749999999999999,10.595,5.5725,38.3025,18.66,154.68749999999997,167.935,12.95,21.1725,16.9175
CRE,138.7775,12534.5,64.655,0.6825,0.0,1.07,0.3275,0.2525,1.14,0.8725,79.5,88.465,4.5375,2.9925,0.0
HNA,1769.2075,14302.75,13.69,1.635,0.055,0.2375,3.55,3.0249999999999995,12.6925,10.7375,9.5925,9.505,9.739999999999998,7.2525,0.0
VIX,2225.0625,12645.87,10.4875,1.6225,0.0,1.8075,7.257499999999999,5.08,17.7825,13.035,750.435,737.7850000000001,94.4325,59.315,64.1575
MZG,836.9425,12482.25,13.4725,0.87,0.0,0.84,2.2225,0.6275,4.345000000000001,1.2325,7.5925,5.8275,4.3275,4.435,2.5
SHP,3194.73,12330.75,11.2025,2.915,0.0925,0.25,6.0275,5.3675,26.32,23.245,15.61,10.790000000000004,-5.35,2.76,0.0
VNM,4239.33,17434.25,14.150000000000002,3.4450000000000003,0.065,0.5599999999999999,6.425,4.275,27.1125,16.017500000000002,0.8699999999999992,0.7524999999999995,0.4724999999999998,0.2475,0.0
SBT,981.375,14499.5,14.3275,1.08,0.0,0.795,1.7525,0.585,7.785,2.455,-22.2675,-3.7625,0.1824999999999999,6.6025,11.05
HTV,1128.1625,25580.75,9.3775,0.4175,0.025,0.3675,1.185,1.03,4.5600000000000005,3.79,25.0625,23.55,-3.01,2.78,0.0
HMC,1179.75,14882.5,10.1075,0.7999999999999999,0.085,0.3525,1.9275,0.5425,7.9975,2.3375000000000004,48.4425,41.41499999999999,19.0475,1.9875,0.0
SZL,4320.6025,23560.0,10.495,1.9075,0.055,0.485,5.515000000000001,1.7925,18.5575,6.080000000000001,39.4225,39.9025,4.2225,1.7875,0.0
GAS,4939.765,28090.75,13.585,2.38,0.06,0.6725,4.327500000000001,3.29,18.185,13.2175,4.36,5.095000000000001,-0.2724999999999999,3.2150000000000003,2.5
SRF,228.78,13429.5,61.475,0.6575000000000001,0.0,0.3224999999999999,1.0775,0.2225,2.1425,0.4575,331.5525,868.0574999999999,7.4725,4.5125,0.0
TCR,-1164.885,26499.25,-0.08,0.175,0.0,0.4374999999999999,0.8299999999999996,0.31,-13.315,-4.8500000000000005,0.0,0.0,-1.0924999999999998,-11.835,0.0
BTT,4084.2525,30206.25,9.3525,1.245,0.085,0.395,4.1125,3.1425,13.912499999999998,10.4925,43.190000000000005,44.5625,3.3625,3.1675,0.0
YEG,804.39,10970.75,17.8925,1.2025,0.0,0.53,1.035,0.78,7.1225000000000005,4.95,44.43,27.694999999999997,25.125,47.16,43.010000000000005
VAB,1935.625,14673.1275,6.202500000000001,0.8275,0.0,1.0725,3.4425,0.25,11.8925,0.8600000000000001,48.905,47.3425,19.4025,12.5075,25.595
MBB,4219.635,18841.315,6.0325,1.36,0.01,1.1225,5.1925,0.52,21.35,2.0975,19.9325,19.5225,32.792500000000004,23.0175,34.15
VTP,3282.0950000000003,14032.0,34.5575,8.125,0.0075,0.24,6.0,1.4925,24.4,6.0425,5.9675,5.7675,7.2225,8.3125,0.0
SZC,1926.815,17637.5,18.51,2.0250000000000004,0.02,1.1475,2.7225,1.06,11.03,4.237500000000001,18.275,14.745,-0.5975,5.164999999999999,0.215
VTB,1201.26,17467.75,10.4675,0.74,0.0775,0.35,2.225,1.775,6.98,5.5025,46.440000000000005,48.185,0.5025,0.09,0.0
HHV,1135.615,16088.75,11.927500000000002,0.84,0.0,1.2950000000000002,1.26,0.3675,8.7425,1.2825,29.512500000000003,34.4125,3.5925,11.3225,11.31
NHA,1790.235,12128.25,11.725,1.7325000000000002,0.0,1.7775,3.5375,2.4075,14.76,10.05,49.337500000000006,48.595,23.155,18.785,9.99
TNI,-9.037499999999994,9974.25,-6.2475000000000005,0.385,0.0,0.7975,2.2875,1.435,-0.125,-0.04,-9.795,-10.2,-6.6875,0.5925000000000002,0.0
DPR,3761.875,38587.5,11.235,1.0725,0.0525,1.43,2.5225,1.8400000000000003,12.975,7.2275,36.540000000000006,47.6325,5.0325,5.762499999999999,0.0
GVR,1401.0324999999998,15525.25,21.09,1.8825,0.0125,1.6175,2.2225,1.63,10.26,6.772500000000001,52.165000000000006,65.86000000000001,7.5025,9.2375,0.0
APH,516.22,23451.25,13.4525,0.275,0.0,0.8875000000000001,0.7074999999999999,0.335,5.08,1.02,-4.634999999999999,-4.457500000000001,-6.355,-2.765,0.0
TCO,1408.485,12151.75,16.12,0.9225,0.0,0.53,0.9875,0.32,9.985,2.3825000000000003,100.8925,35.415000000000006,-29.7525,12.1125,50.5425
HAH,8308.095000000001,33359.5,7.045,1.745,0.01,0.8450000000000001,6.34,3.735,29.1775,13.9675,162.11,145.65499999999997,29.19,39.0025,31.13
LCG,702.2624999999999,13570.5,15.145,0.7775,0.025,1.35,1.42,0.615,5.25,2.2625,7.892499999999999,19.38,4.3575,3.01,2.1825
VPH,665.1925,11071.5,-7.9475,0.48,0.0675,1.1575000000000002,-0.4624999999999999,-0.2675,5.785,3.15,0.0,0.0,-14.4725,0.1474999999999999,0.0
NVT,172.3375,6080.25,-4.549999999999997,1.28,0.0,0.6425,1.2225,0.615,7.119999999999999,1.4425,163.3975,63.120000000000005,1.4025,1.5775,0.0
VTO,1287.9675000000002,14457.25,9.7275,0.86,0.0775,0.835,2.4325,1.805,8.927499999999998,6.5375,8.9125,9.45,-4.915,0.64,0.0
CMV,745.845,14089.0,11.4875,0.5875,0.025,0.285,1.59,0.77,5.494999999999999,2.6275,273.7075,218.7725,5.8125,4.567500000000001,0.0
PVP,1911.9875,18154.0,7.859999999999999,0.825,0.0425,0.8325,2.6675,1.5375,10.565,6.279999999999999,-5.815,-2.3525,14.715,4.525,5.0
HQC,68.8,9400.5,59.1575,0.355,0.0,1.3075,0.3399999999999999,0.1925,0.735,0.4,186.515,187.6725,-6.5525,0.22,0.0
BCM,3159.6475,21222.75,21.975,3.1625,0.01,0.8525,4.0,1.4825,16.119999999999997,5.637499999999999,131.8925,124.9075,6.0725,9.92,0.0
NSC,12597.865,90324.25,6.4425,0.8999999999999999,0.0425,0.2175,3.625,2.1925,15.355,8.8025,0.5949999999999998,1.3275,17.015,8.5125,0.0
DXG,372.0925,19671.0,49.3825,0.9025,0.0,1.495,0.3225,0.1725,2.565,0.9375,17.9925,79.35249999999999,19.8075,22.5675,39.385000000000005
REE,5012.594999999999,47393.5,13.3275,1.405,0.02,0.8574999999999999,2.6775,1.6825,12.4425,6.5225,39.6825,33.6725,7.282500000000001,10.81,14.99
DBC,4490.172500000001,21451.25,6.5875,1.3725,0.0,1.4,5.1,2.57,20.6225,10.1075,165.4275,205.165,12.0825,37.095,26.645
AGR,628.3975,11154.4,26.395,1.48,0.0325,1.55,1.4225,1.0325,5.557500000000001,4.092499999999999,7.404999999999999,5.98,0.7250000000000005,2.6775,4.5
DTL,-923.2025,11247.25,2.1125,1.0425,0.0,0.5675,-3.747500000000001,-1.3075,-7.9925,-2.7675,0.0,0.0,-2.0125,-9.3875,0.0
DLG,906.9525,2958.5,2.8925,0.845,0.0,0.96,10.88,2.285,42.435,6.1625,116.685,625.6025000000001,-10.425,39.55,0.0
SKG,600.94,13562.5,18.8175,0.7949999999999999,0.0475,0.9925,1.335,1.3075000000000003,4.4375,4.355,1.6050000000000004,0.2099999999999999,1.0775,0.79,2.5
ORS,450.39,14360.3,33.675000000000004,0.865,0.0,1.6125000000000005,0.5549999999999999,0.24,3.715,1.2950000000000002,-24.8275,9.625,15.95,26.965,24.4225
TCT,1665.255,27706.25,11.465000000000002,0.6699999999999999,0.0275,0.5075000000000001,1.8975,1.8375,6.1075,5.9,659.995,686.2125,2.26,4.172499999999999,0.0
SVT,1471.5975,13650.75,8.1425,0.865,0.1275,0.55,2.8675,2.755,10.7575,10.575,-2.3375000000000004,-4.027499999999998,2.9,-0.37,0.0
GHC,4009.6,23371.75,7.535,1.2875,0.07,0.43,3.83,2.7925000000000004,17.64,12.63,2.1750000000000016,2.5900000000000016,-0.3025,8.225,0.0
NCT,12540.39,26859.0,8.545,3.935,0.045,0.3725,13.96,11.0275,52.307500000000005,41.38,43.045,43.465,36.73,37.14,0.0
FIR,308.98749999999995,11216.75,31.8825,0.6499999999999999,0.0,0.8875,1.13,0.6875,2.7575,1.6625,551.79,569.465,-4.865,1.4925000000000002,5.0
VIB,2492.935,14092.365,7.605,1.3475,0.0375,1.03,4.1325,0.3475,17.209999999999997,1.475,1.872500000000001,1.8775,19.44,13.1825,15.85
NLG,1884.0725,37609.25,19.225,0.96,0.0125,1.2799999999999998,1.21,0.6275,7.4,2.5075,-20.87,-15.34,-5.6225,6.4025,6.552499999999999
APG,-411.7575,10738.1475,77.77499999999999,1.035,0.0,1.08,0.0574999999999999,0.0524999999999999,-3.7525,-2.7350000000000003,19.1525,10.26,98.455,7.02,11.3925
SHB,2828.295,14941.0875,5.1625,0.9825,0.045,0.8049999999999999,4.7675,0.3675,18.0,1.4025,32.9675,32.83,23.9325,16.045,18.5425
CMX,958.805,17055.5,7.482499999999999,0.4125,0.0,1.23,1.5925000000000002,0.625,8.032499999999999,2.33,89.51500000000001,112.0075,22.365,10.485,0.0
RAL,18293.0825,141834.5,5.6175,0.7225,0.0475,0.2575,2.7125,1.1225,13.1125,5.275,-28.097500000000004,-32.955,-6.4375,5.2925,0.0
SFG,629.75,13574.0,16.8575,0.7775000000000001,0.05,0.5375,1.19,0.4725,4.654999999999999,1.9675,23.96,23.497499999999995,29.1775,0.625,0.0
TVS,1704.995,14731.4725,10.885,1.2125,0.0,1.4875,2.9025,1.01,11.8075,4.0175,79.01750000000001,56.3425,-8.75,15.835,7.59
TVT,1880.0325,27340.5,8.8475,0.5875,0.07,0.3275,1.7625,0.79,7.6875,3.0500000000000003,181.0925,228.2575,-4.65,1.58,0.0
CDC,1100.82,17452.75,23.425,1.295,0.0,0.125,0.7875000000000001,0.215,7.4075,1.3175,356.58,151.71499999999995,36.88,85.82249999999999,85.0
SFC,1972.5475,15706.75,9.655,1.2075,0.0625,0.2075,3.3075,2.155,12.6925,8.11,20.0875,19.51,0.625,1.47,0.0
HDB,4476.88,18931.3025,5.8475,1.3724999999999998,0.025,1.0775,6.3075,0.535,25.065,2.0325,28.067500000000003,29.875,25.3375,27.735,26.1875
DBD,3185.1125,18066.0,16.5125,2.9125,0.03,0.3275,4.295,3.1,17.6125,12.91,6.097500000000001,5.8575,14.03,7.305,12.995
VGC,3071.025,24221.25,15.824999999999998,2.0,0.0325,1.165,3.2725,1.39,16.415000000000003,5.55,52.775,45.0325,5.7075000000000005,15.99,0.0
RYG,904.5825,16751.25,13.445,0.7,0.0,0.2025,1.0525,0.2875,5.6275,1.6075000000000002,-41.0325,-52.5525,34.9925,-2.025,0.0
DC4,2325.9275,12475.25,5.422499999999999,1.005,0.0424999999999999,1.5,4.0,1.715,16.225,6.3925,192.0625,218.2625,25.9925,56.3525,70.4025
COM,1786.2525,29794.0,17.6175,1.0499999999999998,0.0475,0.5875,1.635,1.4075,5.952500000000001,5.1325,-10.089999999999998,-9.16,-2.3475,-1.95,0.0
CCL,624.365,12041.5,11.2,0.5700000000000001,0.0525,1.37,0.96,0.6000000000000001,5.185,3.2125,-11.555,-11.525,0.4299999999999999,0.5549999999999999,0.0
FCN,234.6475,21312.0,112.2625,0.7025000000000001,0.0075,1.33,0.665,0.2075,1.4725,0.36,287.01250000000005,47.915,21.035,0.0775,0.0
HTL,1972.7625,15294.5,13.8675,1.7625,0.1775,0.4399999999999999,3.365,1.7175,12.39,6.99,6.474999999999998,6.525,8.942499999999999,-13.32,0.0
GDT,2941.2325,13523.25,7.494999999999999,1.6325,0.07,0.7025,5.7700000000000005,3.52,21.725,12.9375,33.55499999999999,33.2925,9.8325,11.8675,10.5875
IMP,2541.6525,14407.25,20.1275,3.5,0.0174999999999999,0.5549999999999999,3.955,3.025,16.035,12.579999999999998,15.095,13.1325,16.155,3.695,59.97
MSN,2139.535,28889.75,36.285,2.62,0.0,1.2025,2.395,0.8025,9.855,2.29,47.1825,142.035,-14.464999999999998,4.164999999999999,1.685
CII,243.305,19958.25,94.685,0.95,0.04,1.69,0.3025,0.0925,1.3975,0.285,59.54749999999999,271.42499999999995,5.2225,24.8425,83.9325
OCB,1428.3950000000002,12892.48,8.370000000000001,0.9225,0.03,1.05,3.0650000000000004,0.33,10.755,1.185,61.345000000000006,62.755,21.2625,8.475,19.4
TCL,5319.6625,22387.5,6.7525,1.6075,0.0675,0.4449999999999999,5.795,3.4400000000000004,25.5425,14.6775,9.4175,5.505000000000001,10.365,9.8875,0.0
DTT,1590.4925,16719.75,10.5025,0.9925,0.05,-0.2249999999999999,2.5425,1.915,9.645,7.2075,20.995,20.995,-1.455,3.5600000000000005,0.0
CTG,5764.7875,31067.5775,7.4575,1.3750000000000002,0.0025,1.2025,5.262499999999999,0.3275,19.9325,1.24,41.17,41.015,19.875,19.675,11.16
UIC,10356.5825,63530.25,4.5975,0.7424999999999999,0.0,0.28,4.96,3.2925000000000004,17.0625,11.21,74.725,75.845,20.3125,19.112500000000004,2.8875
DPM,1887.7775,23173.75,17.1,1.3225,0.06,1.1775000000000002,2.3425,1.4925000000000002,7.0975,4.529999999999999,150.065,215.6925,15.135,-0.525,36.865
NTL,767.8225000000001,14009.75,-8.772499999999997,1.285,0.0999999999999999,1.38,0.305,0.27,4.4350000000000005,3.4175,96.375,44.02499999999999,-9.8225,1.0875,50.0
BRC,1689.025,17194.25,7.967499999999999,0.7825,0.0875,0.3175,2.3975,1.705,9.8525,6.892499999999999,-0.5025000000000004,-1.9925000000000008,-2.71,4.3475,0.0
AFX,940.9924999999998,14151.25,9.88,0.6425000000000001,0.0,1.2075,2.3775,0.8125,6.8100000000000005,2.2575,60.5075,59.2,6.114999999999999,6.682499999999999,0.0
DCL,523.2625,20846.0,73.05250000000001,1.4225,0.0,0.59,0.3224999999999999,0.2,2.5650000000000004,1.5575,-11.7025,-16.925,2.765,2.37,0.0
ACG,3016.9075000000003,28771.5,12.1875,1.2725,0.045,0.5800000000000001,2.92,2.1225,10.755,7.865,28.66,21.6425,8.2425,3.8475,0.0
MDG,2873.8500000000004,14230.75,6.0875,1.2049999999999998,0.0,-0.3274999999999999,7.305,3.335,21.8925,9.265,74.345,67.32,-0.8525000000000005,24.8375,0.0
POW,785.615,15386.75,17.3825,0.8600000000000001,0.0,0.79,1.62,0.6849999999999999,5.635,2.21,110.47,92.0125,8.175,4.994999999999999,4.75
CLL,2978.0525,18194.0,11.0025,1.8025,0.0824999999999999,0.4525,4.0275,3.395,16.99,14.015,4.5625,2.6999999999999997,4.9625,1.1825,0.0
LGL,-314.41,13303.5,-4.462500000000001,0.3475,0.0,1.035,0.69,0.3374999999999999,-2.5825,-1.185,0.0,0.0,2.4725,6.385,0.0
BFC,6002.8375,28269.25,7.204999999999999,1.5225,0.0625,0.96,4.9,2.1075,26.6975,9.4125,2.0175,-4.174999999999999,11.1,13.4025,0.0
GIL,-211.18249999999995,24913.75,13.525,0.6649999999999999,0.0,1.5825000000000002,0.2725000000000002,0.1649999999999999,-0.8399999999999999,-0.595,98.77,193.2025,8.015,-0.9025,33.91
PHR,4060.9825,30531.75,14.9775,1.9525,0.0499999999999999,1.13,3.13,2.1125000000000003,14.2175,9.1425,44.06999999999999,40.845000000000006,1.4575,3.975,0.0
FPT,5909.845,25875.0,18.1425,4.13,0.02,0.87,5.8475,2.9425,27.435,11.6175,17.875,19.47,22.2425,21.1025,12.427499999999998
DGC,8179.615,40114.0,11.0375,2.2625,0.0325,1.2725,5.085000000000001,4.285,21.902500000000003,18.200000000000003,7.155000000000001,2.77,18.9125,13.44,0.0
NVL,-75.21000000000001,26625.0,41.115,0.5075,0.0,1.5650000000000002,0.7125,0.1675,-0.3899999999999999,-0.06,150.705,0.0,1.6925,17.8975,3.615
LAF,2789.2575,16157.75,6.8375,1.175,0.08,0.4075,4.0925,1.965,17.5475,9.9925,-11.6075,-12.22,52.225,7.3125,1.695
TPC,591.9975000000001,13381.5,19.6125,0.855,0.0,0.2675,0.9775,0.6,4.4475,2.7575,-3.4599999999999937,-3.4599999999999937,5.745000000000001,0.6949999999999998,-3.915
LHG,5669.9675,35710.0,5.595000000000001,0.8875,0.06,0.8775,4.1675,2.3,16.48,9.015,70.27,73.7875,4.615,10.3375,0.0
VSC,1318.555,16721.0,16.0625,1.255,0.02,1.2400000000000002,1.5975,0.9275,8.3975,4.615,37.3,33.995,52.5975,30.355,56.48
MCP,1006.9875,14624.0,32.945,2.0325,0.005,0.315,0.9425,0.7375,6.2175,5.0375,-69.3025,-70.51750000000001,12.465,5.085,25.96
VNS,888.3000000000001,16589.0,11.5175,0.5800000000000001,0.115,0.2525,0.8424999999999999,0.525,5.3175,3.345,-41.1475,-53.127500000000005,5.215,-1.4375,0.0
THG,6224.0175,26872.0,8.7475,2.0175,0.055,0.5525,5.3075,1.795,22.7525,7.667499999999999,47.9325,42.695,15.0775,9.5775,18.25
BMI,1975.21,21089.54,10.4075,2.0525,0.0225,0.675,4.905,0.8674999999999999,9.1275,3.42,27.527500000000003,5.034999999999997,0.6025,10.875,10.875
SFI,3672.355,32155.5,7.3675,0.8375,0.1125,0.395,2.9525,2.5125,11.32,9.5325,19.03,18.882500000000004,-0.535,2.6925,3.4450000000000003
FCM,334.5675,11812.25,17.619999999999997,0.3275,0.0,0.43,0.8599999999999999,0.74,2.8425,2.4325,352.2225,86.4725,-3.89,0.7750000000000001,1.875
KDC,610.1425,25406.0,6.5124999999999895,2.135,0.0075,0.2249999999999999,1.865,1.03,2.6375,1.3125,793.7175,21679.4175,12.285,3.0175,0.0
ABS,-3247.58,8087.75,-63.1075,0.47,0.0,1.21,-19.23,-16.9,-35.852500000000006,-32.12,103.105,135.1325,-43.5125,-29.62,0.0
DPG,3963.6325,35668.75,11.255,1.285,0.0225,1.505,2.94,1.145,13.875,4.13,74.0875,85.32,14.1925,10.78,45.0
SGN,7481.68,39204.25,9.06,1.7325000000000002,0.0275,0.59,4.0625,3.145,22.735,15.785,-18.335,-21.275,20.85,18.995,0.0
GMH,830.4775,11137.0,10.4425,0.7250000000000001,0.03,0.0849999999999999,2.4575,2.335,7.587499999999999,7.1675,348.9625,595.02,1.8375,2.7750000000000004,0.0
PGV,1174.4225,14195.5,-22.5075,1.4,0.0,0.6025,5.692500000000001,1.7425,8.592500000000001,2.47,-16.37,-16.575,-5.155,7.4275,0.0
SRC,1667.895,20121.75,44.975,1.94,0.0225,-0.1,1.095,0.4975,8.4225,3.895000000000001,45.7475,34.377500000000005,-0.3075000000000005,9.42,0.0
NT2,2066.99,15220.75,12.6825,1.4250000000000005,0.0425,0.8275,5.695,2.965,13.96,6.845000000000001,273.92,277.53,-12.64,7.18,0.0
DSC,1090.735,12002.5575,15.6675,1.3825,0.0,0.87,2.6900000000000004,1.155,9.004999999999999,3.9925,67.74249999999999,66.29750000000001,27.415,13.13,8.5625
TNC,2782.18,17908.0,11.5475,1.7425,0.045,0.0525,3.5699999999999994,3.135,15.759999999999998,14.0075,40.04999999999999,35.1525,6.94,4.505,0.0
PAC,2496.24,17849.75,10.89,1.54,0.06,0.7424999999999999,2.9625,1.065,12.6,4.5600000000000005,-9.0375,-7.034999999999998,8.5975,3.6025,25.0
GTA,721.0725,16307.25,13.82,0.6075,0.0375,0.48,0.93,0.43,4.415,2.0,-29.5025,-30.0225,9.815,0.19,0.0
CRV,321.83000000000004,10948.5,65.025,0.655,0.0,0.0,0.26,0.1875,2.8774999999999995,2.2825,-80.67750000000001,-81.99,19.0075,-4.315,0.5575
ANT,5599.4775,19078.0,5.46,1.6124999999999998,0.0,0.6725,8.6725,2.28,33.805,8.0925,112.475,104.3275,37.69,45.06999999999999,13.655
DHC,3698.6275,23167.0,8.7225,1.3825,0.0475,1.0625,4.637500000000001,2.875,15.1375,9.35,71.375,69.4175,10.107499999999998,10.12,15.0
VOS,935.8,13781.0,2.2675,1.0125000000000002,0.0424999999999999,1.5549999999999995,3.9475,1.885,6.7325,3.86,1389.8825,-24.095,21.05,0.0174999999999994,0.0
TLH,-2916.3525,11274.25,24.935,0.4674999999999999,0.0,1.4050000000000002,0.1025,0.0249999999999999,-24.2475,-8.770000000000001,9.0275,54.75,-24.472500000000004,-19.165000000000003,0.0
CCC,1058.5825,15080.0,14.5375,1.0225,0.0125,-0.64,1.7300000000000002,0.45,7.1575,1.9175,-0.1500000000000003,-0.1274999999999999,14.9975,5.455,0.5
DRL,5067.1975,12216.0,10.56,4.367500000000001,0.0925,0.1125,10.7225,9.615,41.2425,37.175,10.0425,10.17,-0.5900000000000001,-1.535,0.0
STK,823.12,16654.75,30.8275,1.3875,0.0,1.14,0.72,0.32,4.6175,2.075,1015.0425,1192.93,10.2375,3.8075,11.25
PNC,750.4625,17436.75,44.1675,1.27,0.0275,0.5025000000000001,0.2675,0.085,4.295,1.4025,-3.4399999999999995,-6.635,-1.8575,0.7525000000000002,0.0
TDH,-1290.5625,1171.0,-0.5174999999999998,3.935,0.0,1.075,22.6275,4.0,-90.2775,-17.685,46.4825,46.245,-32.4725,-23.78,0.0
EIB,1493.7775,14008.0275,18.3975,1.5975,0.0075,0.955,1.1075,0.115,10.8275,1.1275000000000002,-7.86,-8.675,18.1525,9.125,5.235
NO1,792.105,13666.0,9.4075,0.5325,0.0725,0.1325,1.635,0.6975,5.9675,2.7775000000000003,351.6675,461.66,57.125,2.3375,0.0
TIP,2905.5375000000004,28565.5,6.790000000000001,0.6825,0.1,0.8174999999999999,2.915,2.555,10.49,8.965,13.3375,16.060000000000002,1.755,3.0075000000000003,0.0
GEX,1997.925,30162.0,20.09,1.3225,0.015,1.415,1.5099999999999998,0.6475,11.9475,3.005,55.5125,131.41750000000002,19.07,20.2075,4.2275
MIG,1682.5275,12522.8675,10.49,1.725,0.03,0.6699999999999999,4.0975,0.7825,13.3425,3.09,96.17000000000002,99.8925,12.765,19.16,19.16
FMC,4849.4275,38095.5,8.1825,1.0275,0.05,0.7325,3.6775,1.975,14.7825,7.52,-2.444999999999999,11.725,26.61,8.09,0.0
GEL,391.195,22549.0,0.0,0.0,0.0,0.0,1.2525,0.5825,0.0,0.0,8.145,11.579999999999998,7.9125,3.4175,0.0
HAX,505.75,13042.0,109.9175,1.0175,0.0675,0.7875000000000001,0.0999999999999999,0.055,4.6125,2.2075,-32.4925,-19.6925,11.259999999999998,6.5575,3.75
TTF,93.7825,971.5,34.43,3.075,0.0,1.08,2.24,0.3125,10.465,1.3725,-40.7625,1502.61,5.18,42.005,0.0
MCM,2030.01,21057.75,14.16,1.36,0.07,0.8575,2.3225,1.9425,9.6075,8.105,-2.8225000000000007,-3.437500000000001,4.9025,-0.8125,0.0
PDR,604.39,12664.25,32.925,1.5750000000000002,0.0,1.725,1.0825,0.5125,4.69,2.2475,7.812499999999998,19.7825,8.8325,9.955,12.145
TTA,1502.42,13488.5,7.8025,0.8474999999999999,0.0,0.6575,3.4675,1.8775,11.475,6.007499999999999,58.8875,63.77,-2.12,9.22,1.25
ST8,393.6675,11564.75,21.95,0.555,0.0,0.8300000000000001,0.315,0.2425,3.5675000000000003,2.3775,-56.7625,-69.345,-9.185,0.5725,0.0
KDH,923.895,18966.5,34.542500000000004,1.68,0.0,1.2525,1.3025,0.815,5.2825,2.935,224.49,80.925,9.0875,16.727500000000003,21.845
PAN,3093.2675,42727.75,9.185,0.665,0.015,1.0775,1.895,0.8600000000000001,12.6475,2.8975,6.7375,23.28,-9.9625,3.8375,0.0
SVC,4020.9125,36864.5,10.2525,0.5775,0.0125,-0.285,4.3625,1.0675,16.9325,2.7325,369.7175,1490.9499999999998,31.58,4.54,9.9975
EVG,232.68,13260.25,34.9475,0.5725,0.0,1.6875,0.685,0.3375,2.1825,0.9525,255.2175,191.0875,32.145,3.8825,0.0
HSL,91.6075,11531.25,243.49,0.62,0.0,0.2725,0.0199999999999999,0.0199999999999999,0.7825,0.7375,71.72,-8.5275,-1.0450000000000002,-0.0274999999999999,4.5
NBB,39.91,18165.0,1135.8000000000002,1.165,0.0,0.5875,0.155,0.0349999999999999,0.22,0.0525,66.9375,655.2775,1.965,0.0325,0.0
VMD,1419.9175,27435.75,12.575,0.6275000000000001,0.1175,0.2324999999999999,1.5575,0.4599999999999999,6.3500000000000005,1.385,13.955,29.5475,-31.2125,0.5574999999999999,0.0
SMB,6054.82,21530.25,6.7275,1.89,0.11,0.1725,6.879999999999999,4.2875,28.7975,17.65,1.9449999999999996,1.6624999999999988,2.7625,5.407500000000001,0.0
AGG,1407.0275,20338.75,14.3525,0.8250000000000001,0.0,1.04,2.855,1.565,6.9925,3.43,1037.78,187.065,-19.9775,6.3075,15.93
VPD,2341.7375,14222.0,11.1175,1.8175,0.075,0.2225,4.4625,4.0200000000000005,17.015,14.915,48.225,48.02,-4.575,1.9575000000000005,0.0
DTA,90.1575,11366.0,54.34,0.405,0.0,0.5975,0.2774999999999999,0.0925,0.795,0.26,4.9575,94.185,-5.9275,0.6924999999999999,0.0
BVH,3444.29,33753.155,16.03,5.4625,0.02,0.9275,10.3175,0.28,10.9325,0.9925,43.4725,44.3125,13.095,0.0,0.0
VVS,8361.8275,22890.5,4.2125,1.4625,0.01,0.42,16.665000000000003,1.9025,42.055,5.13,673.9075,730.7675,80.88749999999999,50.6775,0.0
HAG,1410.42,10693.0,10.615000000000002,1.3775000000000002,0.0,0.7200000000000001,4.5675,2.05,15.445,6.19,142.675,124.6175,18.7925,41.0,13.435
VNL,3946.2925,22591.75,5.23,0.915,0.06,0.35,4.5675,3.0025,18.235,11.91,31.965,30.6975,13.0,12.875,0.0
VIP,1558.3175,18676.75,8.489999999999998,0.6974999999999999,0.075,0.8274999999999999,1.6725,1.51,8.3575,7.564999999999999,-3.2075,-4.5175,2.9825,0.9875000000000002,0.0
HDG,1617.99,22515.0,17.5425,1.24,0.005,1.35,2.2,1.215,8.7375,3.905,13.62,40.535,2.21,5.2775,12.75
PGD,1709.2199999999998,15338.75,15.58,1.7175,0.0574999999999999,0.3849999999999999,2.745,1.12,11.1025,4.515,-41.9075,-42.2375,1.0824999999999998,-0.0200000000000001,0.0
PDN,10089.74,30023.5,11.075,3.7325,0.0425,0.64,8.3,6.315,31.9975,24.175,26.14,26.15,16.2425,18.9975,25.0
HCM,1398.745,14172.2625,18.095,1.7800000000000002,0.055,1.5575,2.705,0.7825,9.6975,3.0,21.05,20.465000000000003,40.08,15.11,22.8375
GSP,1504.995,13861.75,7.99,0.855,0.0225,0.66,2.7750000000000004,1.225,10.6875,4.6850000000000005,23.7,23.52,30.675,10.42,10.0
LM8,1786.3100000000002,32529.0,8.207500000000001,0.4475,0.0675,0.2825,1.3275,0.3075,5.510000000000001,1.31,1.2025000000000017,8.447500000000002,11.78,1.3375,0.0
OPC,1672.335,14538.0,14.13,1.6225,0.015,0.0225,3.1375,2.2825,12.8925,8.725000000000001,6.3725000000000005,5.2075,8.375,8.022499999999999,0.0
HID,290.63,12613.75,52.58,0.2225,0.0,0.725,0.7099999999999999,0.365,2.765,1.225,228.525,160.58249999999998,13.96,4.8475,0.0
TTE,718.6475,11035.25,3.0149999999999983,3.7175,0.0,0.0925,7.032500000000001,2.7150000000000003,6.575,2.3950000000000005,2.64,3.56,-20.56,4.392499999999999,0.0
BCG,298.7925,26964.5,37.645,0.28,0.0,2.0025,0.4924999999999999,0.2249999999999999,2.29,0.435,1454.11,557.4449999999999,3.1225,33.585,45.0
PLX,1802.2225,22838.5,20.8075,1.6,0.035,0.8150000000000001,2.2625,0.76,8.9075,2.7825,46.25750000000001,188.4725,13.3925,-0.55,0.0
HPG,2110.9425,17821.75,12.3325,1.4675,0.0,1.1325,3.1475,1.6125,11.7825,6.027500000000001,31.629999999999995,28.5575,15.48,13.21,12.5
GMD,3749.0175,33727.75,16.36,1.81,0.035,0.985,2.93,2.1925,11.9775,7.97,31.512500000000003,31.0875,24.9925,26.495,27.76
VDS,781.265,11591.39,30.2275,1.5625,0.0,1.89,2.3575,0.975,6.800000000000001,2.8525,41.9825,38.3225,19.985,9.8225,13.82
NAV,2297.2625,13029.0,7.952500000000001,1.385,0.1325,0.3249999999999999,3.48,3.1324999999999994,17.2725,15.7625,-23.76,-23.725,-1.3324999999999998,-3.695,0.0
HAP,-329.7325,12323.25,152.3375,0.5249999999999999,0.0,0.3525,-2.625,-2.35,-2.91,-2.3575,45.4275,0.0,15.43,9.3775,0.0
CCI,2524.2675,15779.5,9.447500000000002,1.5025,0.07,0.2574999999999999,4.6675,1.205,16.3125,4.4975000000000005,100.795,100.255,38.525000000000006,4.2575,0.0
DQC,-2486.2050000000004,28485.0,6.317499999999999,0.38,0.0,0.8949999999999999,0.2625,0.1649999999999999,-8.58,-5.217499999999999,196.1875,6602.0675,-10.1625,-9.2875,0.0
PHC,234.8525,13224.5,28.2425,0.4024999999999999,0.0475,0.8925,0.835,0.1649999999999999,1.885,0.3675,113.885,324.725,9.5675,-0.5999999999999999,0.0
HII,310.62249999999995,12240.0,6.390000000000001,0.4,0.045,0.7925,1.4375,0.6225000000000002,2.5275,1.215,1449.175,0.0,-2.8350000000000004,-8.3225,0.0
LDG,-1027.0325,4843.5,-0.3525,0.7324999999999999,0.0,1.3525000000000005,3.4675,0.635,-15.6725,-4.0600000000000005,0.0,0.0,-2.38,-40.8075,0.0
CTS,2796.4775,14841.2575,14.010000000000002,2.4175000000000004,0.0,1.7574999999999998,5.720000000000001,1.39,18.4825,4.5175,282.13,276.17,34.5825,20.075,32.25
BHN,1947.14,22409.5,17.840000000000003,1.5375,0.0475,0.1375,2.2675,1.5699999999999998,10.0625,6.1775,6.880000000000001,9.165,3.64,-0.1524999999999999,0.0
ILB,3858.9325,22129.0,6.945,1.2075,0.07,0.44,3.5575,1.4625,17.2925,6.3975,9.295000000000002,2.5699999999999967,12.0625,40.665,43.3
HDC,1982.875,14202.25,31.945,1.975,0.0,1.1875,6.180000000000001,3.1049999999999995,14.2625,6.865,4581.589999999999,5101.7525,8.56,19.945,14.7525
DSE,706.5975,12538.835,37.925,2.06,0.015,0.8175000000000001,1.6375,0.5625000000000001,5.655,2.005,56.27499999999999,56.68499999999999,32.985,1.745,2.455
BAF,1376.14,12889.5,47.3975,2.735,0.0,0.6775,0.9625,0.39,10.55,4.232499999999999,38.3375,103.8275,31.2925,61.9575,50.4925
HSG,915.34,18206.5,19.887500000000003,0.9425,0.03,1.245,1.54,0.9325,5.0675,2.99,-11.7125,-15.505,-0.6750000000000003,2.2075,0.6075
